<?xml version="1.0" encoding="UTF-8"?>
<project-private xmlns="http://www.netbeans.org/ns/project-private/1">
    <editor-bookmarks xmlns="http://www.netbeans.org/ns/editor-bookmarks/2" lastBookmarkId="0"/>
    <open-files xmlns="http://www.netbeans.org/ns/projectui-open-files/2">
        <group>
            <file>file:/C:/Users/Fatih/Documents/NetBeansProjects/Ders2/src/ders2/BLPage.java</file>
            <file>file:/C:/Users/Fatih/Documents/NetBeansProjects/Ders2/src/ders2/MainPage.java</file>
            <file>file:/C:/Users/Fatih/Documents/NetBeansProjects/Ders2/src/ders2/Oyuncu.java</file>
            <file>file:/C:/Users/Fatih/Documents/NetBeansProjects/Ders2/src/ders2/Dugum.java</file>
            <file>file:/C:/Users/Fatih/Documents/NetBeansProjects/Ders2/src/ders2/BagliListe.java</file>
            <file>file:/C:/Users/Fatih/Documents/NetBeansProjects/Ders2/src/ders2/SkorTahtasi.java</file>
        </group>
    </open-files>
</project-private>
